{
    "9 7 1 1 1000 250 1 100": {
        "t": {
            "latency": 0.109707,
            "tps": 63585.995109
        },
        "s": {
            "latency": 0.104511,
            "tps": 66902.084372
        }
    },
    "11 9 2 1 1000 250 1 100": {
        "t": {
            "latency": 0.129769,
            "tps": 69033.404098
        },
        "s": {
            "latency": 0.118875,
            "tps": 75147.862541
        }
    },
    "14 12 3 1 1000 250 1 100": {
        "t": {
            "latency": 0.167308,
            "tps": 71449.408585
        },
        "s": {
            "latency": 0.148264,
            "tps": 80833.420799
        }
    },
    "17 15 4 1 1000 250 1 100": {
        "t": {
            "latency": 0.219906,
            "tps": 67886.305337
        },
        "s": {
            "latency": 0.191905,
            "tps": 77943.266122
        }
    }
}